{"cameraMode":{"drawMode":0,"name":"Shaded","section":"Shading Mode"},"sceneLighting":true,"audioPlay":false,"sceneViewState":{"showFog":true,"showMaterialUpdate":false,"showSkybox":true,"showFlares":true,"showImageEffects":true,"showParticleSystems":true},"in2DMode":false,"pivot":{"x":0.8807730674743652,"y":-1.2487578392028809,"z":0.5076882839202881},"rotation":{"x":0.09951329231262207,"y":0.7643073201179504,"z":-0.6254470944404602,"w":0.1216244027018547},"size":4.331780910491943,"orthographic":false}