{"cameraMode":{"drawMode":0,"name":"Shaded","section":"Shading Mode"},"sceneLighting":true,"audioPlay":false,"sceneViewState":{"showFog":true,"showMaterialUpdate":false,"showSkybox":true,"showFlares":true,"showImageEffects":true,"showParticleSystems":true},"in2DMode":false,"pivot":{"x":-1.452308177947998,"y":-0.5598800182342529,"z":-0.25153422355651858},"rotation":{"x":-0.11102068424224854,"y":0.8889096975326538,"z":-0.3212641179561615,"w":-0.3071563243865967},"size":2.8317809104919435,"orthographic":false}